,Id,SalesPrice
0,1461,145657.9108701904
1,1462,177236.56022918047
2,1463,189069.25907954533
3,1464,196247.76961746323
4,1465,191640.532181975
5,1466,166340.71343673454
6,1467,223796.44815812056
7,1468,151799.2615650988
8,1469,163801.31046172816
9,1470,131066.42920322009
10,1471,181584.72737293536
11,1472,190885.93673052228
12,1473,95159.22521849223
13,1474,171091.8280390373
14,1475,110849.28051739653
15,1476,257565.66125451884
16,1477,210623.09024472654
17,1478,235443.64839737053
18,1479,226900.32647571503
19,1480,307614.03770402906
20,1481,308604.5025100465
21,1482,175236.3928004912
22,1483,174216.9565115676
23,1484,162788.11364223654
24,1485,157924.04948287242
25,1486,198819.17456766337
26,1487,242150.57086847388
27,1488,253010.06923766487
28,1489,181109.42192857142
29,1490,206571.97164819745
30,1491,166324.05495141452
31,1492,100271.84568735666
32,1493,203360.1269074736
33,1494,247826.95985657908
34,1495,302387.8803530807
35,1496,244635.11047062153
36,1497,157208.09437831567
37,1498,138715.7152214592
38,1499,136236.2443028738
39,1500,150447.6825661592
40,1501,141719.29299624724
41,1502,131521.3672518903
42,1503,226342.4067169793
43,1504,203720.65423812481
44,1505,205466.0083425073
45,1506,257362.89817017302
46,1507,260798.1793293233
47,1508,213351.41284006726
48,1509,177353.20856844157
49,1510,148343.5575781286
50,1511,163520.97801462014
51,1512,184409.96290887863
52,1513,149834.04348567984
53,1514,209654.44874738617
54,1515,194927.16608237172
55,1516,156147.5736601981
56,1517,175543.23892226716
57,1518,159991.8113573567
58,1519,285687.036042026
59,1520,129027.70249534766
60,1521,147738.77839518638
61,1522,172692.05893502553
62,1523,132209.3185137747
63,1524,116200.73720500863
64,1525,131860.22547372902
65,1526,151386.78656633678
66,1527,101040.23169523763
67,1528,160803.2912888075
68,1529,128936.13094792492
69,1530,207004.1390186618
70,1531,125311.09825590966
71,1532,95620.12538382068
72,1533,162229.9491082206
73,1534,119701.79264195394
74,1535,170718.54618483686
75,1536,133959.44699881467
76,1537,66785.00858431352
77,1538,162736.14983514734
78,1539,191990.87362924794
79,1540,122485.67200448789
80,1541,150006.99130932256
81,1542,167338.19214063598
82,1543,203334.7340254395
83,1544,88243.88033683601
84,1545,127202.99346969528
85,1546,140722.61267519428
86,1547,151119.54508456733
87,1548,171730.82674516272
88,1549,118065.67049602504
89,1550,147335.29681535982
90,1551,140673.4224452602
91,1552,133125.17254163977
92,1553,149729.27513296026
93,1554,124806.31781175708
94,1555,181759.17728624566
95,1556,106095.57547244847
96,1557,112351.26139897353
97,1558,94781.34074226666
98,1559,78997.75106765532
99,1560,149103.4864423117
100,1561,141921.85806160365
101,1562,127467.74864464655
102,1563,116224.53721636406
103,1564,161303.1276142513
104,1565,145776.02055618213
105,1566,255931.94870671994
106,1567,73959.5227298521
107,1568,211325.09396443825
108,1569,135244.70817459462
109,1570,133746.59296223332
110,1571,120770.47625134024
111,1572,168034.22396715218
112,1573,285291.2391452266
113,1574,129280.01859668538
114,1575,229054.97825979878
115,1576,242894.3466169149
116,1577,162858.18618221837
117,1578,152744.2931369734
118,1579,152003.5621476147
119,1580,206356.1102093864
120,1581,166178.87168521577
121,1582,126487.62744213318
122,1583,257679.9133038557
123,1584,212994.16824318902
124,1585,124147.5092027953
125,1586,69341.21512424377
126,1587,104607.49363851457
127,1588,152581.276710818
128,1589,102319.91081933174
129,1590,134923.02557936413
130,1591,94558.56521912388
131,1592,143799.06489109257
132,1593,118848.2341436243
133,1594,170701.89718759074
134,1595,102391.04821266775
135,1596,192532.56499058084
136,1597,180467.50678635595
137,1598,165979.8504766653
138,1599,178832.22740667197
139,1600,169193.48117590946
140,1601,60300.578754405666
141,1602,132515.23351432802
142,1603,83083.61569114952
143,1604,227759.95070347813
144,1605,196115.89635522143
145,1606,173287.80238803697
146,1607,191115.3168157268
147,1608,205074.0515044434
148,1609,181710.9779002334
149,1610,143286.0589967524
150,1611,134125.83202464296
151,1612,227225.8112387202
152,1613,169757.78524974998
153,1614,135610.5209136214
154,1615,75644.90248572578
155,1616,59607.82727139145
156,1617,96036.74604459693
157,1618,185799.71207955937
158,1619,170416.72346788863
159,1620,214359.4471282977
160,1621,141423.12794049684
161,1622,212873.15589227702
162,1623,257405.94445499973
163,1624,213314.85917737382
164,1625,115327.54515144165
165,1626,168615.36058016642
166,1627,188524.73666640444
167,1628,314413.4723404807
168,1629,179552.66735541756
169,1630,279385.1112830936
170,1631,178355.76086668667
171,1632,220229.21604481776
172,1633,177915.49282568114
173,1634,168630.68546445746
174,1635,154668.91178310153
175,1636,143522.090794238
176,1637,199174.5056338913
177,1638,205235.2644539721
178,1639,269895.52834198053
179,1640,232637.94688110313
180,1641,208976.97753224726
181,1642,212983.16194131738
182,1643,199951.2845243754
183,1644,191137.15161572464
184,1645,206652.6839487338
185,1646,164951.28504205603
186,1647,168367.29200296837
187,1648,124320.75968581675
188,1649,135104.23444341237
189,1650,187937.9582662523
190,1651,141910.04138283202
191,1652,100641.53471404362
192,1653,114530.81819117008
193,1654,143134.7339643971
194,1655,134812.8500592478
195,1656,137773.4456730657
196,1657,220196.73817359295
197,1658,138545.1341683438
198,1659,127767.48739586581
199,1660,211074.47873774284
200,1661,294669.354108601
201,1662,270321.169545138
202,1663,252907.70318008802
203,1664,351084.9978482748
204,1665,225414.44936808263
205,1666,252433.96705836023
206,1667,259993.19913392805
207,1668,251720.87953515962
208,1669,258770.20981348353
209,1670,253394.55205739487
210,1671,233629.3677939889
211,1672,315108.2513762532
212,1673,266898.3990315527
213,1674,214503.44910228805
214,1675,177203.5643571961
215,1676,155931.0459272883
216,1677,190351.0357959462
217,1678,334331.71026764624
218,1679,289256.92080162687
219,1680,257746.8750274727
220,1681,205572.36834616307
221,1682,264609.7103832767
222,1683,156699.14834446093
223,1684,155033.07941785204
224,1685,219063.46340088718
225,1686,144007.8474132372
226,1687,170645.22807679974
227,1688,171423.37939021707
228,1689,164140.39069506116
229,1690,191683.62055936494
230,1691,162764.7428660827
231,1692,255957.51522468965
232,1693,155739.2117478812
233,1694,155524.3240828748
234,1695,171237.90841172953
235,1696,236117.44757629687
236,1697,161376.16404598486
237,1698,280097.9540474745
238,1699,293219.99012285675
239,1700,212926.07904685772
240,1701,251014.37411235977
241,1702,218269.33745166298
242,1703,205581.8739665421
243,1704,240239.38095172076
244,1705,219334.7751474261
245,1706,317395.5851528263
246,1707,185749.8484705382
247,1708,185267.22585871757
248,1709,231502.1240736115
249,1710,202418.51080504165
250,1711,216300.8132948274
251,1712,259264.0920107458
252,1713,246261.700523966
253,1714,198150.2438347027
254,1715,172636.3910064173
255,1716,191110.09784434526
256,1717,178781.26586894548
257,1718,143184.79687439246
258,1719,202193.17487579558
259,1720,231248.69689461798
260,1721,164766.31683403236
261,1722,197494.58725137453
262,1723,158163.58061360903
263,1724,181327.00238536904
264,1725,190343.38410304382
265,1726,169212.28229432026
266,1727,165697.7989484992
267,1728,176288.63366478359
268,1729,163291.94585077232
269,1730,147214.81843362335
270,1731,150335.63561377325
271,1732,139018.42457955296
272,1733,153135.39033966765
273,1734,110079.97309834351
274,1735,129893.46713188649
275,1736,129482.79483354707
276,1737,293969.02365194965
277,1738,210894.96933424805
278,1739,313372.10888199176
279,1740,188415.342332732
280,1741,182564.90600744635
281,1742,170799.39872451997
282,1743,180348.81439365412
283,1744,271873.9546347964
284,1745,209745.21472252926
285,1746,223737.15561782147
286,1747,207240.53055085998
287,1748,210014.9409143487
288,1749,153016.79251641818
289,1750,150621.4926840119
290,1751,249969.9033332743
291,1752,128709.14080781589
292,1753,147800.39085794854
293,1754,199031.78026542062
294,1755,170456.2796173371
295,1756,115327.32559248613
296,1757,108617.80085695724
297,1758,166842.27621705914
298,1759,180499.5805988744
299,1760,166331.18139570273
300,1761,166793.6420012165
301,1762,194871.65772179945
302,1763,171484.8148908076
303,1764,106511.42743197217
304,1765,200012.5498001847
305,1766,205320.14808354335
306,1767,215245.19793562754
307,1768,142358.63290679932
308,1769,167772.77580589557
309,1770,213430.35685992253
310,1771,135570.65476533264
311,1772,144529.2781092722
312,1773,118396.2170344307
313,1774,168978.76050878476
314,1775,152055.43225137968
315,1776,147718.67276105008
316,1777,133989.19631938907
317,1778,161786.449164968
318,1779,146201.85714210715
319,1780,170317.22984893183
320,1781,181926.28876377502
321,1782,134292.82340757785
322,1783,156836.91350330986
323,1784,88490.75011594141
324,1785,117383.82110446866
325,1786,159776.569967519
326,1787,190731.4886574579
327,1788,34323.34403474364
328,1789,98960.02796032089
329,1790,61580.152405754736
330,1791,205861.27236140912
331,1792,158747.68388446164
332,1793,172032.23493374238
333,1794,185341.98757536313
334,1795,158097.01935476775
335,1796,135862.62256126502
336,1797,202674.1486483616
337,1798,123945.9550430696
338,1799,105765.41331160278
339,1800,101906.22555331202
340,1801,140449.35357407815
341,1802,146308.84554294907
342,1803,162960.19568296336
343,1804,201019.95611742052
344,1805,144301.53804269352
345,1806,143461.06886510478
346,1807,163182.06261028812
347,1808,127898.91673353268
348,1809,145762.77127160633
349,1810,221366.05989700014
350,1811,164638.2622670286
351,1812,117972.84400126737
352,1813,110816.90686682818
353,1814,82339.10614878719
354,1815,43939.358314651414
355,1816,98189.34570586884
356,1817,113684.77427707685
357,1818,165406.9847407872
358,1819,110019.91749064122
359,1820,81087.18214000568
360,1821,135607.2727810187
361,1822,153685.0027079807
362,1823,58547.73844883355
363,1824,134950.15615411635
364,1825,137243.6115549229
365,1826,97667.83109037706
366,1827,105166.36801581815
367,1828,146443.4988935156
368,1829,140331.58872436266
369,1830,154514.35126484153
370,1831,175949.92801365134
371,1832,117887.2819519848
372,1833,142492.40829306087
373,1834,117750.06127469541
374,1835,152106.55901178892
375,1836,142898.54058505534
376,1837,106944.60787177636
377,1838,152296.89375879665
378,1839,166407.80135590056
379,1840,139687.90723031852
380,1841,143548.0172565143
381,1842,111574.99533746901
382,1843,155813.7652983855
383,1844,125376.60441570882
384,1845,158843.2180938412
385,1846,159979.7144287999
386,1847,151695.4779307942
387,1848,29286.114708488996
388,1849,123684.6900860607
389,1850,203991.47159743053
390,1851,144906.00753740742
391,1852,156389.83049166086
392,1853,130950.64416234566
393,1854,161317.22848185894
394,1855,149653.76072484293
395,1856,195961.25375444687
396,1857,147452.58132191538
397,1858,151665.57329170927
398,1859,113903.98660906644
399,1860,184612.32919136956
400,1861,159693.9402940407
401,1862,280925.36154401116
402,1863,248675.97994376888
403,1864,265880.88865558954
404,1865,268969.2520976341
405,1866,241902.06996769755
406,1867,203202.06730063827
407,1868,254074.4220913325
408,1869,241544.20750111542
409,1870,279804.59193911415
410,1871,182821.0256075584
411,1872,143124.30397591542
412,1873,272477.92495961546
413,1874,136364.18012391758
414,1875,212369.64077453187
415,1876,207036.5995311878
416,1877,204837.626839109
417,1878,194878.86939865354
418,1879,126525.13992987893
419,1880,136961.73795093526
420,1881,238023.7337402395
421,1882,224144.32790971405
422,1883,165536.8338478125
423,1884,209293.5884057421
424,1885,210557.11545243944
425,1886,241703.69886922638
426,1887,213462.81140549507
427,1888,242058.09694601494
428,1889,170680.71967621078
429,1890,137765.5324405884
430,1891,124124.79274895288
431,1892,91908.67921843583
432,1893,141776.4051915785
433,1894,147006.58883241264
434,1895,156913.5285581976
435,1896,142894.30611932618
436,1897,120326.08939088277
437,1898,129030.55724889244
438,1899,149797.42489034362
439,1900,122137.86884611512
440,1901,224728.58985611732
441,1902,152903.5958854346
442,1903,210586.71014854236
443,1904,169678.52775572022
444,1905,192273.1837305168
445,1906,154667.12023106782
446,1907,193397.2559154968
447,1908,127823.92296949313
448,1909,134821.17099880893
449,1910,123237.03890554511
450,1911,183772.980136793
451,1912,270375.2786892346
452,1913,201648.30044290863
453,1914,84598.85610354786
454,1915,197576.2136257204
455,1916,52971.40908323019
456,1917,219288.9593966806
457,1918,147893.40133977606
458,1919,175982.77370311483
459,1920,173969.62179371656
460,1921,323324.3929774986
461,1922,242900.3535043301
462,1923,214408.70688280032
463,1924,235296.33750300854
464,1925,200869.7396062525
465,1926,287156.01042507
466,1927,147127.08421705416
467,1928,164456.2324187475
468,1929,146571.73966105026
469,1930,139636.10246741626
470,1931,154719.5641801594
471,1932,135367.37195259982
472,1933,187055.3088963934
473,1934,232618.1972578791
474,1935,202562.65972672775
475,1936,182352.04816767274
476,1937,189840.96601763944
477,1938,213163.53714767288
478,1939,241325.39311129233
479,1940,159321.13509201133
480,1941,213857.58291849509
481,1942,242924.42548543832
482,1943,185008.81536508154
483,1944,254257.49021606083
484,1945,259803.42196278955
485,1946,167842.912985997
486,1947,221064.67826521944
487,1948,185345.31877528407
488,1949,193207.78201354918
489,1950,189348.37348161568
490,1951,255389.7081461357
491,1952,211058.64127584716
492,1953,178520.21336941587
493,1954,188555.00654190342
494,1955,131049.80895164557
495,1956,270442.84595777094
496,1957,186516.2997922798
497,1958,255727.89509447466
498,1959,149533.61736155095
499,1960,107390.28921358139
500,1961,116284.29784657975
501,1962,122490.51487613539
502,1963,110090.27823120038
503,1964,123423.23318584857
504,1965,141635.78139845937
505,1966,124597.76559746152
506,1967,255121.5599395795
507,1968,329772.96388823073
508,1969,279178.82620782626
509,1970,300205.5059632782
510,1971,308741.0170614193
511,1972,308593.09659247345
512,1973,203512.5605775866
513,1974,239515.61171011862
514,1975,334901.5119117109
515,1976,304872.35940184083
516,1977,258627.9162160982
517,1978,280487.00763143355
518,1979,244661.45022068598
519,1980,191739.6550446179
520,1981,254524.09838619258
521,1982,185873.22637171193
522,1983,178784.64339754015
523,1984,238548.4032738161
524,1985,220262.51625884848
525,1986,210838.33192669362
526,1987,154264.94002077484
527,1988,243612.06956446244
528,1989,175488.5810294154
529,1990,196506.08604380302
530,1991,189214.9836999324
531,1992,197426.12543091923
532,1993,162051.36490670138
533,1994,240269.00883946515
534,1995,204127.68365349006
535,1996,229718.61593277135
536,1997,247314.4744995783
537,1998,258314.29850979388
538,1999,218637.7794059147
539,2000,256992.68902715534
540,2001,278097.13508313487
541,2002,236714.20568525093
542,2003,220378.32427530648
543,2004,235804.18357929168
544,2005,231729.57087592263
545,2006,190399.23831082217
546,2007,230239.8433807711
547,2008,183479.2830756787
548,2009,164752.16218126367
549,2010,207084.2970006964
550,2011,131690.68768453278
551,2012,161301.86234280528
552,2013,204619.1032245088
553,2014,176062.14130441227
554,2015,218857.2111976458
555,2016,184414.1491589827
556,2017,180440.41806287548
557,2018,121355.36800221886
558,2019,159921.89538377358
559,2020,119592.71979024717
560,2021,99680.4426064417
561,2022,180859.38129930772
562,2023,155237.40885714334
563,2024,230330.17201517813
564,2025,298235.10789507296
565,2026,162891.61814961422
566,2027,183304.76313196777
567,2028,167607.70150049843
568,2029,169915.805725
569,2030,229647.3265696626
570,2031,187470.0615130542
571,2032,192948.62606899877
572,2033,249811.60096778115
573,2034,158808.79846243397
574,2035,189350.44876352535
575,2036,175104.06387092796
576,2037,184542.16695890567
577,2038,231093.86308836727
578,2039,188330.54818035866
579,2040,262157.1030039935
580,2041,242387.6641393501
581,2042,249317.21698275665
582,2043,172291.98035871534
583,2044,180757.53735210406
584,2045,214182.58936837438
585,2046,208159.0987329547
586,2047,142640.5167505912
587,2048,139828.81008406854
588,2049,201748.29625701552
589,2050,167516.17751229648
590,2051,112866.22638275276
591,2052,213716.71733524534
592,2053,147259.2566471119
593,2054,91264.76806208938
594,2055,153781.6413251316
595,2056,187141.00192648696
596,2057,118491.32835157406
597,2058,243081.52351190508
598,2059,137082.50624372344
599,2060,174662.68108833287
600,2061,238180.09503124258
601,2062,127834.11487610749
602,2063,120011.18981816224
603,2064,158618.05066070054
604,2065,139074.44251473405
605,2066,162493.13552925893
606,2067,123438.99052104121
607,2068,186867.01671547047
608,2069,111390.85018120203
609,2070,99724.3409684629
610,2071,133646.4849038836
611,2072,147266.4241060278
612,2073,178436.8560935277
613,2074,200095.7135309397
614,2075,160275.92198415363
615,2076,129780.54973192232
616,2077,168461.98877984093
617,2078,124747.70684689443
618,2079,204500.69210291354
619,2080,149881.8802218086
620,2081,124745.6067350629
621,2082,139976.29272907134
622,2083,139317.34295374845
623,2084,131845.1533141574
624,2085,110828.56110472398
625,2086,132685.2859969195
626,2087,124733.71967789996
627,2088,119171.54050127497
628,2089,91225.37976344884
629,2090,128923.17545765532
630,2091,108569.4749402114
631,2092,164663.5933363795
632,2093,123141.36777615309
633,2094,105511.50508981885
634,2095,149029.48793774555
635,2096,81242.8579794054
636,2097,109425.01020661998
637,2098,148856.52767501777
638,2099,44653.12012098491
639,2100,127170.35255993361
640,2101,195317.90455854902
641,2102,170150.7977202555
642,2103,126857.85831822871
643,2104,145378.49363755618
644,2105,201758.79988574606
645,2106,59446.17682821753
646,2107,207318.12690538022
647,2108,123740.47297087807
648,2109,111388.99528277767
649,2110,139213.57074576447
650,2111,178474.55953139073
651,2112,127085.4246649332
652,2113,136362.86775058528
653,2114,125750.5871252846
654,2115,182556.7717769922
655,2116,111806.72261269172
656,2117,150975.69405528597
657,2118,138458.0289030213
658,2119,102217.35004527424
659,2120,112680.19373501162
660,2121,106266.3833524047
661,2122,140396.06916712626
662,2123,86726.39321422164
663,2124,164276.36312731757
664,2125,209155.57200889374
665,2126,163028.30381692518
666,2127,157209.46256460447
667,2128,147668.1165829248
668,2129,106721.87274127282
669,2130,174594.19385498317
670,2131,182545.2876506766
671,2132,110139.02202030839
672,2133,133846.87549445409
673,2134,146963.64195037683
674,2135,107335.54555909903
675,2136,65006.51459674057
676,2137,109136.75566344475
677,2138,134080.08578832741
678,2139,200784.60780963843
679,2140,140880.972086234
680,2141,142878.64853454
681,2142,121046.60461281618
682,2143,152566.9879590364
683,2144,144211.5242870922
684,2145,154940.86189371787
685,2146,187158.89440393442
686,2147,179127.7163237422
687,2148,168167.9652796998
688,2149,195150.11246445042
689,2150,223818.70730318886
690,2151,133405.4632725593
691,2152,230397.56215336572
692,2153,205407.38817513146
693,2154,102950.61730292204
694,2155,146686.76968265884
695,2156,236421.23264948203
696,2157,213611.9131231436
697,2158,220578.72494372187
698,2159,187272.3318597999
699,2160,173333.72058512326
700,2161,251626.07580760558
701,2162,295266.0282915366
702,2163,333958.20719757874
703,2164,195644.86611503892
704,2165,190732.8409970873
705,2166,162233.9943550308
706,2167,217590.82816817184
707,2168,210608.66309384667
708,2169,208106.39544487742
709,2170,191632.71815106823
710,2171,158218.59581254734
711,2172,134102.38360878493
712,2173,191487.4200592477
713,2174,195184.2557163842
714,2175,251946.9911244444
715,2176,237515.9258285312
716,2177,199914.93668815197
717,2178,178937.72366264003
718,2179,157912.55919256128
719,2180,235820.96433311905
720,2181,205215.0285777119
721,2182,208370.16953228734
722,2183,174615.886522262
723,2184,142446.07548206204
724,2185,185977.99628521194
725,2186,154865.4979439136
726,2187,169694.15317984414
727,2188,165296.78000215287
728,2189,271318.55915044335
729,2190,72188.38647560323
730,2191,105873.80334419663
731,2192,110118.58798432733
732,2193,116555.66381027676
733,2194,97527.63059970012
734,2195,111409.5941016534
735,2196,95944.27984477114
736,2197,120502.60466485198
737,2198,175828.92602203414
738,2199,185678.00230369047
739,2200,139456.06241838916
740,2201,131478.20064184628
741,2202,161407.716913506
742,2203,134715.16426299504
743,2204,154434.13683357442
744,2205,136537.87514660234
745,2206,158090.94901232404
746,2207,205939.2439798769
747,2208,221361.66600453737
748,2209,226721.15366888032
749,2210,118261.63904489012
750,2211,112840.99689089166
751,2212,123827.28927387197
752,2213,114775.95742667059
753,2214,172484.43097745418
754,2215,107784.64115811672
755,2216,170636.4122466114
756,2217,75360.80076567469
757,2218,93810.29305598895
758,2219,94330.94762047706
759,2220,94688.48104104018
760,2221,210886.9640604435
761,2222,193021.27572444695
762,2223,258400.11042636665
763,2224,222013.72773243955
764,2225,164306.74746813287
765,2226,242373.26905965427
766,2227,184725.94038856952
767,2228,210680.3399295825
768,2229,224493.58520207222
769,2230,193175.79177333688
770,2231,188983.74271733616
771,2232,172551.3260324211
772,2233,173734.80653695925
773,2234,202385.61062169788
774,2235,231872.7241566792
775,2236,252931.54397797334
776,2237,287368.89459096576
777,2238,201487.33851775073
778,2239,124324.35613017938
779,2240,153097.46767753825
780,2241,152244.21029439103
781,2242,141485.3027573787
782,2243,129543.61588624606
783,2244,110991.04584233256
784,2245,94029.71093362826
785,2246,144454.80146364262
786,2247,114159.52480257268
787,2248,151334.7041920031
788,2249,124928.11727893414
789,2250,142276.8473193831
790,2251,155519.67012652112
791,2252,187812.34933914393
792,2253,171358.5302120416
793,2254,194628.38829970692
794,2255,202610.0287017748
795,2256,166331.07526326025
796,2257,188353.67925227352
797,2258,147569.4792151715
798,2259,246860.975407046
799,2260,158587.8785983416
800,2261,181697.38240460548
801,2262,178695.4412260963
802,2263,277891.69820810354
803,2264,415624.032769926
804,2265,168404.83721068737
805,2266,255282.63821905764
806,2267,280814.8001791913
807,2268,300128.0332032201
808,2269,154874.43368163437
809,2270,178825.35903111263
810,2271,204445.7374393857
811,2272,216734.5569494443
812,2273,169645.26872711128
813,2274,177688.38782230712
814,2275,170410.08849133822
815,2276,182696.36890245543
816,2277,196760.47355454238
817,2278,185190.82770183633
818,2279,119238.36233894943
819,2280,158305.70705038222
820,2281,163667.9265414092
821,2282,161542.051584649
822,2283,139727.12278895202
823,2284,111206.5136234112
824,2285,170820.1087720863
825,2286,200970.93889497156
826,2287,263766.1422344074
827,2288,234124.79090713465
828,2289,277828.8069923188
829,2290,312980.9985572071
830,2291,241241.83406286195
831,2292,301560.0632722085
832,2293,331630.29842628917
833,2294,264033.2706171759
834,2295,306839.1691746269
835,2296,219128.836471479
836,2297,217171.4728389085
837,2298,233826.18404898667
838,2299,272070.8045934334
839,2300,260731.2077107809
840,2301,225770.17927688558
841,2302,231295.35937658086
842,2303,208173.9754931213
843,2304,209924.53393870167
844,2305,159264.44561643133
845,2306,165434.9819318581
846,2307,181675.30376101285
847,2308,190741.14976971567
848,2309,215442.75928505269
849,2310,166797.15226141672
850,2311,190149.7644264334
851,2312,180077.8004081147
852,2313,171434.62249355347
853,2314,161796.44129003305
854,2315,150298.05808481536
855,2316,163552.36829716552
856,2317,184108.219380893
857,2318,159666.9866948765
858,2319,151136.04760349676
859,2320,160865.8101597245
860,2321,222729.4177423982
861,2322,161736.78725367656
862,2323,171969.28630794006
863,2324,155954.39396528294
864,2325,224017.97322922357
865,2326,152050.28184196082
866,2327,214072.20626093243
867,2328,195012.61848755195
868,2329,181353.13970738451
869,2330,194499.58056453636
870,2331,265507.88752781413
871,2332,294015.2676514726
872,2333,263356.1776764432
873,2334,216283.6058620105
874,2335,205450.3437740834
875,2336,327402.1176210897
876,2337,192812.2534582242
877,2338,297810.04550603067
878,2339,187896.4075877384
879,2340,283018.16926425375
880,2341,201595.94487616888
881,2342,207006.36421454203
882,2343,213916.40514199645
883,2344,203074.2771135188
884,2345,198121.54932835017
885,2346,225571.18457171338
886,2347,171878.42756555195
887,2348,202840.8006371362
888,2349,169075.46103225995
889,2350,222177.0949296981
890,2351,200315.88277909334
891,2352,211411.38280170428
892,2353,219843.9328977025
893,2354,124176.52223898348
894,2355,140239.29436007145
895,2356,154944.10256741985
896,2357,172001.9279103176
897,2358,186455.3640907566
898,2359,208935.55431065182
899,2360,108472.78851601676
900,2361,146724.44376713477
901,2362,230985.23498425452
902,2363,156848.9759614101
903,2364,203735.85304971415
904,2365,192368.37001731084
905,2366,150620.74040648455
906,2367,207599.2348155789
907,2368,201576.57079343108
908,2369,171974.5239206225
909,2370,160476.6249613412
910,2371,139171.0038962292
911,2372,177340.80309597484
912,2373,212995.96483684902
913,2374,263797.92682634864
914,2375,229866.21690438624
915,2376,266371.73410191695
916,2377,282814.3325070565
917,2378,142573.88083120657
918,2379,240357.29469255003
919,2380,156679.4786297148
920,2381,186697.3304597938
921,2382,191899.12669851165
922,2383,213065.33959145987
923,2384,221678.07076963966
924,2385,150782.4344399769
925,2386,149418.80277429553
926,2387,176960.66443750073
927,2388,109991.39314046016
928,2389,152087.08588173997
929,2390,149306.15818494034
930,2391,162262.49258048076
931,2392,109651.900605589
932,2393,212713.53035267518
933,2394,143976.1857246451
934,2395,206815.25759874625
935,2396,156527.64161424385
936,2397,223763.10180839978
937,2398,156007.34727031298
938,2399,79028.22129927273
939,2400,57273.3682851974
940,2401,118802.12028545498
941,2402,140228.07729041172
942,2403,173042.01494408693
943,2404,128020.81201894925
944,2405,155804.83485838646
945,2406,126792.37425486569
946,2407,120626.32128463968
947,2408,163200.7409332828
948,2409,132916.31220954433
949,2410,177306.52542872986
950,2411,112622.65266802847
951,2412,156889.76735719404
952,2413,124978.41813890915
953,2414,143333.93377780417
954,2415,161232.58356828158
955,2416,151831.46667709088
956,2417,139389.92993533556
957,2418,130253.2141223893
958,2419,128150.60916420209
959,2420,137568.3957205133
960,2421,160174.45865004172
961,2422,119708.35823229652
962,2423,122427.76081042452
963,2424,197333.53365081898
964,2425,253815.45574336473
965,2426,168630.43098807178
966,2427,138206.43456192772
967,2428,162066.22382636188
968,2429,114644.18317185409
969,2430,131233.6766303331
970,2431,123377.18827724337
971,2432,164698.51648147687
972,2433,135459.67135885832
973,2434,165358.3916014618
974,2435,145276.85352501125
975,2436,120851.14874516097
976,2437,120695.94619601154
977,2438,143361.19992762292
978,2439,113574.7706846741
979,2440,129331.97308770487
980,2441,141630.49907652484
981,2442,125444.46241714596
982,2443,133739.15441951223
983,2444,147384.50532131683
984,2445,90773.49593573708
985,2446,131213.21009707922
986,2447,171877.78784230916
987,2448,222806.85135571435
988,2449,117865.36874067118
989,2450,190224.08080516127
990,2451,146933.05728472766
991,2452,186361.10388193416
992,2453,96036.95162685
993,2454,134006.51628097988
994,2455,200626.45597853846
995,2456,140629.11978882592
996,2457,120888.48287894268
997,2458,105700.46842592063
998,2459,101751.46762471761
999,2460,150849.16310956632
1000,2461,126361.90673190591
1001,2462,140649.0242894251
1002,2463,139300.40003612224
1003,2464,169931.14791851296
1004,2465,156368.58306108933
1005,2466,118132.39316364887
1006,2467,132071.09427962804
1007,2468,94542.90552692983
1008,2469,121314.62035712811
1009,2470,195245.1086048593
1010,2471,202128.9624889584
1011,2472,186180.72679856367
1012,2473,128897.52365762027
1013,2474,81679.43218567407
1014,2475,207329.57325443634
1015,2476,120330.76834208559
1016,2477,139178.51767567213
1017,2478,178445.07251525403
1018,2479,115627.54392974934
1019,2480,162333.53948560485
1020,2481,129261.34008383055
1021,2482,148562.64485756695
1022,2483,100770.9430994068
1023,2484,141841.10991511837
1024,2485,126619.46650507508
1025,2486,137195.85999747945
1026,2487,199845.71553417627
1027,2488,192568.03138977586
1028,2489,152516.14515353087
1029,2490,138888.5803973905
1030,2491,105820.37914683906
1031,2492,188068.73807086935
1032,2493,170130.409828635
1033,2494,182184.70951795587
1034,2495,131525.35866037384
1035,2496,219582.86736775062
1036,2497,224617.31069574738
1037,2498,125277.09208781851
1038,2499,101397.82193949465
1039,2500,132382.287141022
1040,2501,134138.28498124535
1041,2502,149630.1683335343
1042,2503,124495.41559245648
1043,2504,206489.99796174723
1044,2505,198066.697681417
1045,2506,231226.06959467943
1046,2507,337749.14547182445
1047,2508,225581.26751582255
1048,2509,191400.90575718335
1049,2510,202364.17542483227
1050,2511,187445.32926347043
1051,2512,210376.84748367034
1052,2513,191628.845928955
1053,2514,218593.24629054655
1054,2515,166792.15016992818
1055,2516,149386.9822352353
1056,2517,171478.48958728384
1057,2518,178466.75858160117
1058,2519,269979.511290952
1059,2520,211480.52680859691
1060,2521,199838.23810046364
1061,2522,195440.29295991975
1062,2523,111797.6037348969
1063,2524,118418.9538168784
1064,2525,143896.58088595181
1065,2526,181819.81487709918
1066,2527,123761.08139865198
1067,2528,140853.94361859243
1068,2529,132691.9017230593
1069,2530,131797.88440451102
1070,2531,225166.72226864865
1071,2532,200788.96451010043
1072,2533,183205.94243749572
1073,2534,202704.60488404997
1074,2535,256306.3385612858
1075,2536,226347.6316582213
1076,2537,200575.683548636
1077,2538,159185.93756544852
1078,2539,187971.28441945705
1079,2540,163360.291124259
1080,2541,156578.83875949495
1081,2542,136026.7294595622
1082,2543,135370.11835522414
1083,2544,121271.04362310084
1084,2545,143520.84706005175
1085,2546,154202.58189209583
1086,2547,152029.1358879263
1087,2548,184534.14488541754
1088,2549,154711.81490040678
1089,2550,588925.6309838069
1090,2551,141211.58247885114
1091,2552,140139.9395668649
1092,2553,80310.4669670071
1093,2554,108299.86510125166
1094,2555,114892.49718110949
1095,2556,109862.97785611777
1096,2557,124859.58846993752
1097,2558,205029.29331183608
1098,2559,132440.02633955583
1099,2560,121980.2674835616
1100,2561,125618.2782299921
1101,2562,126701.63454809648
1102,2563,126344.09645834984
1103,2564,175101.66315640445
1104,2565,124486.40622598836
1105,2566,173587.7170091189
1106,2567,122098.93854248241
1107,2568,243928.66179171012
1108,2569,195379.11874891157
1109,2570,170695.25243366515
1110,2571,183094.55734784514
1111,2572,156104.64130309608
1112,2573,208818.60885952064
1113,2574,227714.4458113457
1114,2575,138976.71001130226
1115,2576,192650.51185963931
1116,2577,175747.25024885213
1117,2578,85256.96978781433
1118,2579,44902.28259622214
1119,2580,119275.89614093216
1120,2581,157028.95045003152
1121,2582,153371.72242340693
1122,2583,212673.3908242057
1123,2584,168604.4560728931
1124,2585,178001.94853867567
1125,2586,207855.4948782166
1126,2587,206779.26857051512
1127,2588,151231.35485221326
1128,2589,172486.6312739074
1129,2590,191977.33861845566
1130,2591,195632.95793200482
1131,2592,186446.16626693524
1132,2593,204353.93355786044
1133,2594,199547.57661018946
1134,2595,195589.22623110068
1135,2596,254833.0570845746
1136,2597,162237.65669631396
1137,2598,225520.44082313305
1138,2599,256826.41460772132
1139,2600,195904.92563488227
1140,2601,118967.30807599064
1141,2602,79218.27215260844
1142,2603,152064.40661369314
1143,2604,90118.56479889202
1144,2605,73051.87259996674
1145,2606,155184.12567907278
1146,2607,210219.75196041563
1147,2608,247268.81508700858
1148,2609,162588.98363899774
1149,2610,107633.528493609
1150,2611,168793.12884126345
1151,2612,162854.9678872795
1152,2613,163298.1074207081
1153,2614,125119.77953354863
1154,2615,174090.65034022514
1155,2616,147649.87991465832
1156,2617,209415.00305139503
1157,2618,234971.08806870203
1158,2619,215272.44074907608
1159,2620,176473.51109615908
1160,2621,169336.02787761218
1161,2622,187292.78390549068
1162,2623,206498.14174761446
1163,2624,229432.30204485497
1164,2625,249227.04127670976
1165,2626,195500.0060321333
1166,2627,164595.0202237556
1167,2628,302364.74204665504
1168,2629,311621.50888560805
1169,2630,299741.9115128401
1170,2631,299647.8433295875
1171,2632,275386.57130436593
1172,2633,246502.7909217454
1173,2634,300453.0128299957
1174,2635,174369.8171762356
1175,2636,205130.5455205394
1176,2637,163300.01725357267
1177,2638,212054.38607124792
1178,2639,195726.35409686496
1179,2640,171529.42303442775
1180,2641,110069.33993985393
1181,2642,260867.75136885114
1182,2643,160673.95019788863
1183,2644,131414.98575916188
1184,2645,124989.36300413618
1185,2646,92096.18357332554
1186,2647,103050.20407272899
1187,2648,152826.38007461955
1188,2649,154362.75223049676
1189,2650,141459.23350911282
1190,2651,133592.77308073043
1191,2652,302022.51828685164
1192,2653,206353.68511910536
1193,2654,230073.73052372108
1194,2655,280063.589891737
1195,2656,244462.21703580976
1196,2657,285551.71925304434
1197,2658,235781.59059024532
1198,2659,235496.73070992672
1199,2660,254601.78268998297
1200,2661,253481.7604131159
1201,2662,266523.6659955736
1202,2663,245774.86969895565
1203,2664,209843.9638445304
1204,2665,240114.2352348176
1205,2666,214563.31905287044
1206,2667,151328.5373911007
1207,2668,176068.16617467196
1208,2669,158830.2787331321
1209,2670,278006.1500883874
1210,2671,179782.5548792583
1211,2672,176060.08324052248
1212,2673,178216.61156134948
1213,2674,196536.39681505584
1214,2675,149653.15470893774
1215,2676,169710.81397059138
1216,2677,186234.15006900913
1217,2678,256637.46639995047
1218,2679,248877.9718837495
1219,2680,234500.84929587343
1220,2681,277992.7796973535
1221,2682,256637.83591478888
1222,2683,331999.96789021546
1223,2684,227114.0300965832
1224,2685,283683.0915221497
1225,2686,213727.0154790568
1226,2687,277427.2491682997
1227,2688,193631.06076849578
1228,2689,253250.9693912203
1229,2690,304459.14056423435
1230,2691,176178.72967809
1231,2692,122750.7992007181
1232,2693,183300.53293958984
1233,2694,129861.48174302043
1234,2695,190965.13694201352
1235,2696,176029.46945736176
1236,2697,206418.72694602
1237,2698,206760.73566536437
1238,2699,162196.4958700249
1239,2700,182842.39742193138
1240,2701,160090.30681908326
1241,2702,145800.12365968805
1242,2703,154370.57149374834
1243,2704,231775.44714890042
1244,2705,156674.46993233697
1245,2706,119676.9906355681
1246,2707,157140.09181644383
1247,2708,130534.33492859664
1248,2709,111483.82279918971
1249,2710,122445.70889069607
1250,2711,283506.03205556044
1251,2712,303362.9361020046
1252,2713,143440.147697568
1253,2714,150813.59305346938
1254,2715,164122.96184685107
1255,2716,130216.6801348035
1256,2717,198660.946557548
1257,2718,203843.61533525342
1258,2719,173807.6022051327
1259,2720,170471.17571556137
1260,2721,148166.42521890777
1261,2722,162948.550434906
1262,2723,151235.06155917907
1263,2724,133964.95792318208
1264,2725,145230.23554147512
1265,2726,168897.92439816194
1266,2727,160560.63645221683
1267,2728,231255.86518930417
1268,2729,163152.92864102608
1269,2730,137737.8382342003
1270,2731,144123.82467371316
1271,2732,121957.75667391904
1272,2733,166103.56354788505
1273,2734,167475.22816890557
1274,2735,156527.83661425774
1275,2736,143259.66702985496
1276,2737,123944.25556160693
1277,2738,152450.31065912012
1278,2739,177516.23248444017
1279,2740,128331.77803756569
1280,2741,150776.70123811657
1281,2742,155268.93926131283
1282,2743,134220.36888727127
1283,2744,162835.41773414175
1284,2745,144516.4532290372
1285,2746,145016.3290363241
1286,2747,128810.05790398578
1287,2748,121807.79397370169
1288,2749,171996.89624849844
1289,2750,188779.8454401524
1290,2751,135431.82917924016
1291,2752,201565.73043593596
1292,2753,144263.21928896962
1293,2754,250148.96757870697
1294,2755,131821.25765473375
1295,2756,79938.17718285268
1296,2757,65682.81655524707
1297,2758,106041.80632635945
1298,2759,223859.94697075497
1299,2760,128730.25165658069
1300,2761,164486.81828198818
1301,2762,167746.8664887245
1302,2763,224488.2159510813
1303,2764,157492.8620141417
1304,2765,256272.39614432195
1305,2766,202938.34059686417
1306,2767,110309.64144479838
1307,2768,126496.93435654828
1308,2769,136285.65525735338
1309,2770,157272.30431386296
1310,2771,142511.09919800493
1311,2772,127630.19954720282
1312,2773,201807.63166242852
1313,2774,168916.87817384364
1314,2775,131274.8366837631
1315,2776,154768.6907278899
1316,2777,201103.03430603858
1317,2778,161971.83379418438
1318,2779,143820.10763676747
1319,2780,111603.30146165245
1320,2781,106569.49010969957
1321,2782,98387.11625411583
1322,2783,116122.4132344222
1323,2784,131023.01530084676
1324,2785,176998.31400334922
1325,2786,62049.3767975822
1326,2787,138201.33368107086
1327,2788,65071.18763493202
1328,2789,175046.80037684654
1329,2790,115228.02059651664
1330,2791,137826.99251380027
1331,2792,63784.956461083086
1332,2793,165039.2822718201
1333,2794,89149.4744757126
1334,2795,108142.41973855969
1335,2796,86279.91136772538
1336,2797,200772.84938906605
1337,2798,118589.36038228736
1338,2799,141799.33140116252
1339,2800,69685.39768647712
1340,2801,119119.38834430526
1341,2802,131780.2690594519
1342,2803,198332.5475614632
1343,2804,151727.2804419072
1344,2805,126192.66894334817
1345,2806,92020.03676641009
1346,2807,153674.02114105123
1347,2808,215286.68110116592
1348,2809,147089.15751609323
1349,2810,139045.76296581322
1350,2811,151896.53097929913
1351,2812,162123.4959212088
1352,2813,182739.84147355382
1353,2814,206428.09777166415
1354,2815,121016.45935450902
1355,2816,224051.48288054246
1356,2817,133933.46168338682
1357,2818,135095.9193729317
1358,2819,180293.4115105057
1359,2820,198728.57707769892
1360,2821,116463.27414198685
1361,2822,228397.8644096724
1362,2823,283076.84142322507
1363,2824,217923.07098523408
1364,2825,159930.47048048506
1365,2826,151811.8365822345
1366,2827,157611.67639665466
1367,2828,231064.41707175213
1368,2829,216747.33720839705
1369,2830,209658.9141273827
1370,2831,171836.58208719784
1371,2832,231782.4394612367
1372,2833,248724.98458551965
1373,2834,254165.63959172086
1374,2835,219536.3728254261
1375,2836,207334.7942721988
1376,2837,163190.47918518638
1377,2838,124898.57356037252
1378,2839,162740.15785180381
1379,2840,194885.68183439883
1380,2841,174942.27745098993
1381,2842,213439.83133775686
1382,2843,161065.3336000908
1383,2844,166123.1774087755
1384,2845,114667.04113739257
1385,2846,182852.32797149295
1386,2847,174766.21304710262
1387,2848,189362.29893440136
1388,2849,253018.60023647442
1389,2850,243746.13848362723
1390,2851,213151.07513010304
1391,2852,196088.4601732808
1392,2853,208869.53571109523
1393,2854,136359.58601769866
1394,2855,224537.01147155545
1395,2856,209149.2020880751
1396,2857,163573.07243445938
1397,2858,197391.35078403886
1398,2859,113014.19111530478
1399,2860,121766.00530761087
1400,2861,155538.94732141192
1401,2862,199356.86983341927
1402,2863,146802.22412680922
1403,2864,241562.0663010546
1404,2865,116528.56556526443
1405,2866,228305.78233168795
1406,2867,94109.0590788864
1407,2868,122896.80286907374
1408,2869,130383.7986383441
1409,2870,144507.00282875836
1410,2871,109261.73910623905
1411,2872,20978.906219073862
1412,2873,120729.97037975145
1413,2874,161188.72977516026
1414,2875,130682.53922073611
1415,2876,170739.4234455782
1416,2877,139106.29575330418
1417,2878,173801.4816842069
1418,2879,128540.12324838173
1419,2880,119841.35825383037
1420,2881,140241.7893366856
1421,2882,151724.34369219656
1422,2883,177696.08687233384
1423,2884,167679.86724038035
1424,2885,150500.43674283434
1425,2886,202267.5663710697
1426,2887,139051.89165308056
1427,2888,131904.92169484374
1428,2889,50398.76155533774
1429,2890,78184.15662007498
1430,2891,154646.1371261198
1431,2892,49542.06633298716
1432,2893,87428.0443870164
1433,2894,66400.64197772778
1434,2895,224206.1772605856
1435,2896,206533.5880774228
1436,2897,199895.98014043938
1437,2898,250272.76250463992
1438,2899,186745.9563905714
1439,2900,153362.12850256817
1440,2901,246349.20999274068
1441,2902,198356.41018180357
1442,2903,318518.2586255581
1443,2904,277570.1075540523
1444,2905,95377.0404405237
1445,2906,207613.7468755756
1446,2907,96206.03380729968
1447,2908,144172.25547397017
1448,2909,167989.8704033413
1449,2910,95170.7740973645
1450,2911,84249.67387816425
1451,2912,198119.0050112572
1452,2913,98244.41321126222
1453,2914,74515.95292713611
1454,2915,93383.79291535351
1455,2916,97016.64486728748
1456,2917,172733.96395621996
1457,2918,144626.31188798463
1458,2919,218920.31990350483
